V1,V2
_SeanBock,Sean Bock
@alisonkgerber,Alison Gerber
@BrianNosek,Brian A. Nosek
@fugabite,Gabriel Furmuzachi
@JoshuaTownsley,Joshua Townsley
@JPNuggets,John Prpić
@ndoogan,Nathan J Doogan
@NFerreiraSussex,Nuno Ferreira
@pr0ftim,Timothy McGettigan
@rkellyraley,Kelly Raley
@SadieRyan,Sadie Jane Ryan
@skyedali,Syed Ali
@YlikoskiP,Petri Ylikoski
aasewell,Abigail A. Sewell
aasher,Andrew Asher
abaziir,Enika Abazi
abrailas,Alexios Brailas
acerbialberto,Alberto Acerbi
Aelafros,Athena Elafros
aishida,Atsushi Ishida
albertomartin,Alberto Martín-Martín
alc_anthro,Daniel S Goldman
alexhanna,Alex Hanna
alizaluft,Aliza Luft
alulomar,Amelia Lopez-Martinez
amyue,Amy Y. Zhang
AndreasKlaerner,Andreas Klärner
andrewheiss,Andrew Heiss
andrewkreynolds,ANDREW REYNOLDS
anjdunning,Andrew Dunning
annaveer,Anna van 't Veer
AnnemarieBridy,Annemarie Bridy
anseljh,Ansel Halliburton
anthropologia,Ryan B. Anderson
appdemography,Alexis Santos
arjen_dewit,Arjen de Wit
arokem,Ariel Rokem
asociologist,Daniel Hirschman
atavoni,Alessandro Tavoni
AzrulAbdullah5,Azrul Abdullah
ba_davies,Benjamin Davies
BasilioAMartne3,BASILIO A MARTINEZ-VILLA
bdernberger,Brittany N. Dernberger
benmarwick,Ben Marwick
bennygoodmanUoP,Benny Goodman
betsylevyp,Elizabeth Levy Paluck
bhbradlow,Benjamin H. Bradlow
bjb775,Bryce Bartlett
bjfr,Justin Reich
BJMbraun,Benjamin Braun
bkeegan,Brian Keegan
blackcapitol,James R. Jones
blqueiroz,Bernardo L Queiroz
brettcburkhardt,Brett Burkhardt
BreznauNate,Nate Breznau
Bud_T,Robert (Bud) M. Talbot
burnsr77,Ryan Burns
bwdomingue,Ben Domingue
c_schwemmer,Carsten Schwemmer
CarlyLightfoot,Carly Lightfoot
cbgoodman,Christopher Goodman
ChadNilep,Chad Nilep
ChRauh,Christian Rauh
chris_bail,Christopher A. Bail
christor,Christian Turner
chukpl,Charles Plante
CleoCZ,Cléo Chassonnery-Zaïgouche
cobismith,Cobi Alison Smith
cohen6a,Andrew C Cohen
colleenewynn,Colleen E. Wynn
ConnellyRoxanne,Roxanne Connelly
conradhackett,Conrad Hackett
coreysparks1,Corey Sparks
cpikas,Christina K. Pikas
csammells,Clare Sammells
CSchmert,Carl Schmertmann
csmarcum,Christopher Steven Marcum
cwsmonden,Christiaan Monden
danieletavani,Daniele Tavani
danilofreire,Danilo Freire
danprisk,Dan Prisk
david_michalski,David Michalski
davidwrothwell,David W. Rothwell
davidyamane,David Yamane
dclingi,David Clingingsmith
delayedcajun,Adam Beauchamp
DGuckenheimer,Debra Guckenheimer
DiscourseMarker,Kris M Markman
DominikVogel86,Dominik Vogel
dr_fcmihai,Florin-Constantin MIHAI
drbrake,David Russell Brake
drcompton,D'Lane Compton
drdonnayates,Donna Yates
DrErnestoAmaral,Ernesto F. L. Amaral
drjohntopping,Dr John Topping
DrMelanieHeath,Melanie Heath
dropvase,A.S. Galvan
droverbytrade,Michael Kühhirt
drrimmer,Matthew Rimmer
drvictorajayi,Victor Oluwatosin Ajayi
dustinstoltz,Dustin S. Stoltz
eddiermartinez,Eddier MartÃ­nez-Ã\u0081lvarez
ElyasBakhtiari,Elyas Bakhtiari
EmanuelUbert,Emanuel Ubert
emma_mishel,Emma Mishel
emrinke,Eike Mark Rinke
ericnost,Eric Nost
FabianPfeffer,Fabian T. Pfeffer
faithfulchange,Nathaniel Porter
familyunequal,Philip N. Cohen
farbthink,Sharon E. Farb
fetner,Tina Fetner
FluidMindOrg,Daniel G. Delaney
focx,Christoph Rupprecht
frankalready,Frank Edwards
fredericksolt,Frederick Solt
gagarine,Simon Perdrisat
gboeing,Geoff Boeing
geomando,Scott B. Miles
george_berry,George Berry
ggoalwin,Gregory Goalwin
hanaebrown,Hana E. Brown
HicksTM,Timothy Hicks
hirsheys,Laura Hirshfield
InCisioScribere,Donald N. Anderson
infosoc,Ronaldo Baltar
jacksantucci,Jack Santucci
jacksojp,Jonathan Jackson
JakeRugh,Matthew Hall
Jason_W_Dean,Jason W. Dean
jdmar3,John D. Martin III
JesseAaronZinn,Jesse Aaron Zinn
jesshardie,Jessica Halliday Hardie
jhasselbalch,Jacob Adam Hasselbalch
jimiadams,jimi adams
jin_verde,L. Jen Shaffer
jm_ggv,josé m. garcía gdv
jncohen,Joseph Nathan Cohen
johnhoganmorris,John Hogan Morris
jonafras,Jona Fras
jonsaidthat,Jonathan Greig
JoshuaTMcCabe,Joshua McCabe
jpferg,John-Paul Ferguson
jpheisig,Jan Paul Heisig
jsajuria,Javier Sajuria
justinfrake,Justin Frake
jw_lockhart,Jeffrey W. Lockhart
kamdenstrunk,Kamden Strunk
katester117,Kate Lyons
kellenfunk,Kellen Funk
kellyjnielsen,Kelly Nielsen
kevinbaker,Kevin T. Baker
kiddingthecity,Rob Kitchin
kstathou,Kostas Stathoulopoulos
kunkakom,Kamden Strunk
Kweku_OA,Kweku Opoku-Agyemang
kyjts,Taylor Shelton
LandonSchnabel,Landon Schnabel
lauraimaoka,Laura Beltz Imaoka
laurenngriffin,Lauren N. Griffin
lclandivar,Liana Christin Landivar
leapessin,Léa Pessin
lesscrime,Matthew Ashby
lfkrebs,Lutz F. Krebs
liamswiss,Liam Swiss
liber8er,Todd Grappone
lincolnmullen,Lincoln A. Mullen
lindno,Andrew M. Lindner
literature_geek,Amanda Visconti
lottybrand22,Charlotte Olivia Brand
louise_seamster,Louise Seamster
lovakov,Andrey Lovakov
markalangreen,Mark Alan Green
marko_kovic,Marko Kovic
mathewkiang,Mathew Kiang
mathislohaus,Mathis Lohaus
mbfhunzaker,M.B. Fallin Hunzaker
mchris4duke,Chris Bourg
MCsociology,Megan Carroll
MerSchaeffer,Merlin Schaeffer
Michael_L_Wood,Michael Lee Wood
MichaelESmith,Michael E. Smith
michaelsierraa,Michael Sierra-Arévalo
miguelurra,Miguel Urra
mikarv,Michael Veale
MikeWigg,Michael Wigginton
MKleinSoc,Markus Klein
mlamont6,Michele Lamont
mmlarthur,Mikaila Mariel Lemonik Arthur
moananddrone,Kevin Sanders
mollymking,Molly M. King
mrhunsaker,Michael Hunsaker
n_seltzer,Nathan Seltzer
NathanCoombs,Nathan Coombs
nathenson,Ira Steven Nathenson
ndrewwhitehead,Andrew L Whitehead
neil_selwyn,Neil Selwyn
nicapamela,Pamela Neumann
NSmolenski,Natalie Smolenski
omanreagan,Michael P. Oman-Reagan
omar_lizardo,Omar Lizardo
open_spectrum,Robert Horvitz
ophastings,Orestes P Hastings
orgRem,Rem Koning
penanghill,Richard Hayward
peyton_k,Kyle Peyton
phdskat,Rasmus Corlin Christensen
phgfsouza,Pedro Herculano Guimarães Ferreira de Souza
PMLersch,Philipp Lersch
ppraeg,Patrick Präg
Prof_deLeon,Cedric de Leon
profbigvern,Vernon Gayle
raiutama,"Rai Utama, I Gusti Bagus"
RealAaronRedman,Aaron Redman
relkatz,Ariel Katz
renebekkers,Rene Bekkers
Research_Tim,Tim van der Zee
richardohrvall,Richard Ã\\u0096hrvall
Rizquierdas,Revista Izquierdas
rnieuwenhuis,Rense Nieuwenhuis
RobinCura,Robin Cura
robkitchin,Rob Kitchin
ronaldsnijder,Ronald Snijder
ronpatz,Ronny Patz
rrkennison,Rebecca Kennison
rshereme,Roman Sheremeta
rulumanailo,M. Chairul Basrun Umanailo
ryanbriggs,Ryan Briggs
ryanjgallag,Ryan J. Gallagher
ryanplarson,Ryan P. Larson
saramannheimer,Sara Mannheimer
saul,Saul Albert
SCEdmunds,Scott Edmunds
SeanyWang,Sean Wang
sebastianivory,Sebastian L. Ivory
sebstier,Sebastian Stier
setgree,Seth Ariel Green
shorishresearch,Jamsheed Shorish
simonflandin,Simon Flandin
skinnerlyle,Lyle M Skinner
SLMsociology,Stephen L. Morgan
smgaddis,S. Michael Gaddis
sofyaaptekar,Sofya Aptekar
stekosteko,Stefano Costa
Steve_McD1,Steve McDonald
StevenLaporte,Steven Laporte
suz_uma,Masahiro Suzuki
tamaleaver,Tama Leaver
tarminag,Tarmin Abdulghani
TedGreenstein,Theodore N Greenstein
teppofelin,Teppo Felin
tjowens,Trevor Owens
torkildl,Torkild Hovde Lyngstad
tozCSS,Talha Oz
trdavidson,Thomas Davidson
trgenovese,Taylor R. Genovese
tristanbphd,Tristan Bridges
tygjam,Tyler Glenn James
ulyngs,Ulrik Lyngs
vaiseys,Stephen Vaisey
victorerikray,Victor Ray
vmkern,Vinícius Medina Kern
wahutu,"Wahutu, Siguru james"
wavesblog,Simonetta Vezzoso
WilHMoo,Will H. Moore
witoldkienc,Witold Kieńć
woodadam_,Adam Wood
yamanhajja,Yaman Hajja
yannbgiraud,Yann Giraud
yueqian_soc,Yue Qian
zhimin_xiao,ZhiMin Xiao
